{"cameraMode":{"drawMode":0,"name":"Shaded","section":"Shading Mode"},"sceneLighting":true,"audioPlay":false,"sceneViewState":{"showFog":true,"showMaterialUpdate":false,"showSkybox":true,"showFlares":true,"showImageEffects":true,"showParticleSystems":true},"in2DMode":false,"pivot":{"x":512.7525024414063,"y":346.04046630859377,"z":-439.56396484375},"rotation":{"x":-0.007170970551669598,"y":-0.06630381941795349,"z":-0.00047790867392905056,"w":0.9977736473083496},"size":76.79813385009766,"orthographic":false}