{"cameraMode":{"drawMode":0,"name":"Shaded","section":"Shading Mode"},"sceneLighting":false,"audioPlay":false,"sceneViewState":{"showFog":true,"showMaterialUpdate":false,"showSkybox":true,"showFlares":true,"showImageEffects":true,"showParticleSystems":true},"in2DMode":false,"pivot":{"x":-1.7970631122589112,"y":-3.504307746887207,"z":12.567472457885743},"rotation":{"x":0.001105856616050005,"y":0.36097854375839236,"z":0.0004282417939975858,"w":-0.9325733780860901},"size":1.1779778003692628,"orthographic":false}